Timestamp (us),Gyroscope X (deg/s),Gyroscope Y (deg/s),Gyroscope Z (deg/s),Accelerometer X (g),Accelerometer Y (g),Accelerometer Z (g)
917419171,-0.280470,0.098998,0.132726,-0.462357,-0.411200,0.787104
917439206,-0.134641,-0.023402,0.130579,-0.460736,-0.409020,0.789585
917459241,-0.241241,0.007607,0.092670,-0.460085,-0.408297,0.789140
917479277,-0.156559,0.084186,0.092916,-0.460792,-0.408477,0.787580
917499312,-0.034044,0.061128,0.099721,-0.459997,-0.407932,0.789595
917519347,-0.186834,0.054369,0.000549,-0.459721,-0.409943,0.788332
917539383,-0.132718,0.083666,0.092413,-0.459664,-0.408402,0.785417
917559418,-0.056053,-0.122047,0.020931,-0.460438,-0.410487,0.787229
917579454,0.333914,-0.106192,0.042454,-0.461198,-0.410658,0.789126
917599488,0.157231,-0.144294,0.034866,-0.461558,-0.409560,0.789389
917619524,0.133736,-0.088964,-0.079140,-0.461200,-0.407553,0.790937
917639560,0.056867,-0.087389,-0.193317,-0.461904,-0.407369,0.789377
917659595,0.049193,-0.041858,-0.146452,-0.461364,-0.408377,0.789299
917679630,0.056821,-0.042677,-0.069682,-0.458242,-0.407768,0.788171
917699665,-0.035268,0.088466,-0.159525,-0.459908,-0.407658,0.789869
917719701,-0.073317,-0.118789,-0.130543,-0.462258,-0.409559,0.787466
917739736,-0.095985,-0.050253,-0.075898,-0.463610,-0.407907,0.787345
917759772,-0.141464,-0.135284,-0.007583,-0.459885,-0.410402,0.786874
917779807,-0.018921,0.049173,-0.029047,-0.458893,-0.407852,0.788978
917799842,-0.355170,0.193999,-0.041441,-0.460433,-0.408480,0.787951
917819878,-0.002585,-0.036903,0.069564,-0.460888,-0.408567,0.787852
917839913,-0.239459,0.093284,0.041084,-0.459897,-0.408026,0.788960
917859948,0.082044,-0.066226,-0.030720,-0.459823,-0.408388,0.789873
917879984,0.104868,0.063400,0.016484,-0.458632,-0.409861,0.788716
917900020,0.073812,0.025692,-0.037360,-0.459093,-0.410130,0.788890
917920055,0.043190,0.040205,0.016511,-0.458273,-0.407489,0.790354
917940090,0.203715,-0.028474,0.007442,-0.460172,-0.408662,0.788684
917960126,0.012026,-0.051947,0.030899,-0.458074,-0.407493,0.789265
917980161,0.287268,-0.182301,0.097146,-0.459625,-0.407662,0.789237
918000196,0.072396,-0.004260,-0.053242,-0.459043,-0.408860,0.786339
918020231,0.056933,-0.043568,0.030628,-0.459689,-0.408580,0.786964
918040267,0.041634,0.055029,0.108097,-0.461154,-0.408749,0.787302
918060302,0.011023,0.069376,0.161569,-0.460262,-0.409666,0.788048
918080338,0.164003,-0.008359,0.259190,-0.459279,-0.411771,0.788254
918100373,0.033520,0.039006,0.137152,-0.461103,-0.407555,0.790575
918120408,-0.066048,0.162091,0.062072,-0.460700,-0.406378,0.788668
918140444,-0.073533,0.154216,0.046543,-0.461044,-0.405922,0.787569
918160479,-0.233841,0.016048,0.038021,-0.457556,-0.409501,0.790099
918180514,-0.225567,0.006859,0.152487,-0.456532,-0.408966,0.789025
918200550,-0.072115,-0.092445,0.158091,-0.461818,-0.409651,0.788475
918220585,-0.071931,0.038381,0.113215,-0.461354,-0.409109,0.788209
918240621,-0.117688,-0.032055,0.227075,-0.460165,-0.408207,0.788501
918260656,-0.201457,0.052895,0.158846,-0.460536,-0.407381,0.789311
918280692,-0.224230,0.078489,-0.062945,-0.460198,-0.409571,0.789869
918300727,-0.468271,0.101844,-0.130323,-0.461094,-0.407557,0.789938
918320762,-0.099934,-0.006127,-0.048404,-0.458735,-0.412323,0.788175
918340798,0.060737,-0.050757,-0.125943,-0.460635,-0.408200,0.789402
918360833,-0.084812,0.002777,-0.132086,-0.462436,-0.410837,0.786465
918380868,0.481344,-0.128214,0.002278,-0.460535,-0.409207,0.788315
918400904,0.174340,-0.105426,0.011339,-0.460644,-0.406738,0.790763
918420939,0.135775,0.024135,0.066347,-0.460799,-0.409572,0.787492
918440974,0.234756,-0.022273,0.111197,-0.459884,-0.409763,0.787146
918461010,-0.048721,0.614149,-0.019058,-0.460741,-0.408653,0.790130
918481045,0.180664,0.866157,-0.086007,-0.461180,-0.407831,0.789482
918501081,-0.163938,1.179626,-0.272362,-0.463197,-0.408725,0.789721
918521116,0.050342,2.918194,-0.529797,-0.461685,-0.403725,0.788916
918541152,0.654499,3.757709,-0.905975,-0.465729,-0.411720,0.786680
918561187,0.822842,2.991466,-0.861060,-0.462959,-0.407549,0.786719
918581222,0.578273,2.144524,-0.539796,-0.458941,-0.410689,0.784617
918601258,0.723939,1.237376,-0.258971,-0.464294,-0.412367,0.787891
918621293,0.593747,0.371826,-0.267499,-0.464734,-0.404256,0.785313
918641328,0.563284,-0.204721,-0.105001,-0.464067,-0.405346,0.788786
918661364,0.111562,-0.103579,-0.278222,-0.463935,-0.403528,0.787145
918681399,-0.011310,0.797606,-0.689327,-0.463499,-0.406450,0.786797
918701436,0.065217,0.790059,-0.689707,-0.465364,-0.407523,0.788950
918721471,-0.317752,0.470890,-0.928826,-0.463509,-0.407727,0.786801
918741506,-0.501256,0.384625,-0.791222,-0.463314,-0.409557,0.784989
918761542,-0.699943,1.316761,-0.635266,-0.458207,-0.407410,0.786078
918781577,-0.462245,2.485370,-0.356085,-0.460648,-0.407849,0.784487
918801613,-0.653066,1.521682,0.116839,-0.461603,-0.408198,0.787110
918821648,-0.606956,0.492445,0.350854,-0.466532,-0.412629,0.785030
918841683,-1.074151,0.204274,0.074118,-0.471133,-0.402463,0.787284
918861719,-1.433938,-0.255148,0.024808,-0.468511,-0.411247,0.783989
918881754,-1.280579,-0.710363,0.302669,-0.466285,-0.405338,0.784741
918901790,-1.348889,-1.406232,0.808527,-0.453608,-0.418214,0.783644
918921825,-1.669853,-1.740978,1.196677,-0.475012,-0.403898,0.783759
918941860,-1.716491,-2.032677,0.642684,-0.466960,-0.409252,0.785013
918961896,-1.349460,-1.377397,0.349555,-0.464625,-0.408460,0.781868
918981931,-1.280391,1.871375,0.253089,-0.459680,-0.413055,0.783974
919001967,-0.223725,4.074918,0.547512,-0.466228,-0.420306,0.778869
919022002,0.802087,3.712581,0.845873,-0.467807,-0.419649,0.781114
919042037,1.108013,2.986588,0.752885,-0.469942,-0.415166,0.780061
919062073,1.452668,3.980879,0.899697,-0.464784,-0.417394,0.781435
919082108,1.973601,5.118391,1.246330,-0.473274,-0.417867,0.781828
919102143,2.769599,5.701076,1.287556,-0.468277,-0.415458,0.778363
919122179,3.849269,9.974180,1.458068,-0.466060,-0.414934,0.776765
919142214,4.286067,9.087110,1.998213,-0.477889,-0.404154,0.780977
919162250,3.352399,7.476092,2.099880,-0.482856,-0.399372,0.780418
919182285,2.525843,6.340811,2.144857,-0.487595,-0.411749,0.773542
919202320,2.571871,9.621060,1.979920,-0.477767,-0.404800,0.778615
919222355,2.922680,14.494651,0.628656,-0.498476,-0.396053,0.778031
919242391,1.528798,13.008673,-0.116220,-0.492082,-0.402684,0.773707
919282462,1.642799,7.550607,-0.326772,-0.489442,-0.397609,0.770829
919302497,1.313558,5.106233,-0.274462,-0.504991,-0.389448,0.772343
919322533,0.417057,4.495465,-1.126972,-0.500180,-0.402907,0.766462
919342568,0.737322,5.343359,-2.114473,-0.514018,-0.413399,0.753408
919362603,0.873047,3.378585,-3.582247,-0.512950,-0.390046,0.761825
919382638,-1.845641,1.470321,-4.992268,-0.494961,-0.367728,0.778198
919402674,-5.609112,-0.438394,-3.481782,-0.491685,-0.309535,0.798297
919422709,-12.969239,-3.442441,-1.761906,-0.492666,-0.278487,0.813662
919442744,-20.062170,-5.565462,-0.630938,-0.486732,-0.356191,0.788963
919462780,-18.890459,-6.131970,0.078064,-0.492074,-0.456190,0.744192
919482815,-15.875045,-4.213252,0.101545,-0.497742,-0.463550,0.735191
919502851,-14.312696,4.204052,-5.726025,-0.500446,-0.484866,0.733472
919522886,-11.636683,6.724664,-7.891787,-0.483692,-0.493954,0.730163
919542921,-7.503049,4.687349,-6.834733,-0.499768,-0.488090,0.723211
919562957,-4.173184,0.466220,-5.789670,-0.491008,-0.461946,0.742953
919582992,-1.138711,-6.945328,-2.044083,-0.487754,-0.431581,0.755303
919603027,0.465628,-11.792503,2.254432,-0.474368,-0.424281,0.766447
919623063,1.945923,-12.813200,4.978286,-0.474105,-0.425028,0.760721
919643117,3.302529,-12.456684,6.599442,-0.478331,-0.434299,0.757758
919663133,3.287982,-11.996793,7.170743,-0.489848,-0.422508,0.765978
919683168,2.669019,-11.110008,7.833082,-0.486206,-0.422448,0.766317
919703203,2.318048,-10.822309,8.656509,-0.476635,-0.419333,0.768303
919723238,2.603167,-10.596664,10.211626,-0.486669,-0.421013,0.755658
919743274,4.545062,-7.983040,8.478381,-0.491953,-0.427618,0.757764
919763309,3.296962,-5.041379,7.694980,-0.464461,-0.429823,0.771466
919783345,1.597200,1.427794,6.521546,-0.477892,-0.405797,0.780254
919803380,-2.589958,7.980210,5.152098,-0.478427,-0.412063,0.787997
919823415,-7.441549,14.947123,4.838274,-0.464271,-0.401823,0.809975
919843451,-15.745856,27.036156,3.083590,-0.471061,-0.392869,0.829482
919863486,-27.310001,42.920673,1.235945,-0.473872,-0.403590,0.834556
919883521,-39.849422,61.780697,2.584564,-0.459593,-0.441034,0.822637
919903557,-51.433983,88.094933,8.087182,-0.424793,-0.500850,0.863843
919923592,-48.858196,123.469765,21.160816,-0.452106,-0.604507,0.846526
919943628,-47.062149,160.027863,47.056000,-0.442060,-0.561806,0.856782
919963663,-54.870461,204.453186,78.383461,-0.518554,-0.600582,0.805172
919983699,-63.522224,252.416138,126.491768,-0.527869,-0.752553,0.711880
920003734,-63.959118,309.937500,182.712570,-0.621592,-0.802923,0.701302
920023770,-35.251427,388.648560,233.383240,-0.768954,-0.766062,0.715526
920043805,53.443455,370.850098,270.692444,-1.592055,-2.033687,0.847098
920063840,145.461227,250.605011,231.474915,-1.883137,-1.474007,0.924940
920083875,45.480686,135.625015,175.585052,-1.226247,-1.431190,1.967553
920103911,-30.603542,-26.007133,59.385063,-0.082232,-1.771121,1.808478
920123946,25.042793,-134.067963,-9.552725,0.153419,-1.460541,1.320516
920143981,2.265467,-184.137985,-32.260918,0.629182,-0.593814,0.954227
920164016,-29.233006,-201.694290,-42.807098,0.406530,-0.611010,0.865765
920184052,-42.989174,-225.962677,-62.579220,0.130193,-0.582073,0.878021
920204087,-57.600731,-253.759735,-86.816841,-0.121541,-0.549386,0.905458
920224122,-73.126518,-281.692017,-107.760803,-0.286512,-0.509093,0.850738
920244158,-83.161682,-291.417145,-115.018196,-0.389285,-0.508835,0.821471
920264193,-97.748596,-285.136444,-116.051025,-0.492946,-0.547596,0.858726
920284229,-101.208000,-264.769165,-111.775391,-0.576974,-0.786722,0.868963
920304264,-107.712799,-221.240356,-115.076477,-0.731054,-0.988854,0.918494
920324299,-72.249413,-130.008499,-146.335831,-0.973306,-1.188091,0.778587
920344335,-40.150890,-17.348051,-201.852798,-1.716386,-0.951325,1.150652
920364371,-10.522862,-40.438076,-264.151520,-3.259062,-0.990483,1.395329
920384406,14.492961,-101.734589,-309.317474,-2.992683,-0.151890,0.574489
920404441,46.668758,-56.217010,-273.336578,-2.391942,0.588731,-0.214677
920424476,24.645945,-12.101986,-177.259872,-2.779892,1.483066,-0.156101
920444512,-22.889587,-35.604794,-50.114304,-2.876219,1.757231,-0.564935
920464547,-0.604975,-0.837341,57.133995,-2.273654,1.353207,-0.450525
920484583,29.398251,23.958191,107.611481,-2.105295,0.571051,0.129938
920504618,-28.348139,152.236191,319.358337,3.141572,-2.731484,1.885381
920524653,91.464111,92.695374,24.083696,-3.054329,-0.039006,0.004943
920544689,8.158938,208.569290,60.496254,-1.267780,-0.512550,1.384745
920564724,63.948944,56.915382,97.608490,-0.822271,-0.101312,1.300091
920584760,89.594208,6.722950,89.841537,-1.199526,-1.423595,0.560723
920604795,78.129860,-11.280557,23.532351,-0.690288,-0.114555,0.998965
920624830,38.436153,-24.481560,19.493780,-0.601752,-0.436282,0.813204
920644866,17.346558,-17.430412,1.784637,-0.547526,-0.230372,0.867216
920664901,0.619106,-14.740587,2.820092,-0.492310,-0.379237,0.813222
920684936,-7.724539,-9.923923,0.767617,-0.528160,-0.362968,0.781219
920704972,-9.953307,-7.892305,-0.832817,-0.493981,-0.470129,0.742103
920725007,-7.273850,-7.392535,-0.087994,-0.463667,-0.465208,0.736181
920745043,-3.278570,-7.346222,0.325420,-0.466348,-0.426176,0.765689
920765078,-2.104143,-7.472839,3.174636,-0.440838,-0.439797,0.765737
920785113,0.006085,-10.288195,7.959312,-0.507654,-0.456622,0.737174
920805149,2.917748,-11.516891,10.935616,-0.468852,-0.419116,0.772266
920825184,1.724908,-10.171754,11.627965,-0.487327,-0.412830,0.779282
920845219,0.928918,-9.972537,11.533670,-0.477020,-0.414396,0.772286
920865255,0.983848,-11.266686,12.721705,-0.471129,-0.429232,0.766611
920885290,1.154391,-12.837393,14.587657,-0.482644,-0.429311,0.768221
920905326,1.570474,-12.996082,16.865429,-0.473611,-0.427838,0.768655
920925361,2.927166,-13.506781,18.622963,-0.470309,-0.426849,0.773899
920945396,1.923268,-10.442760,17.281094,-0.472677,-0.411276,0.794014
920965432,-0.833992,-4.244316,14.999081,-0.455077,-0.394413,0.815036
920985467,-8.411448,6.467427,13.219493,-0.460320,-0.357350,0.849962
921005503,-20.394300,26.675865,12.796487,-0.442990,-0.395113,0.864944
921025538,-36.625450,64.096977,22.490343,-0.404155,-0.492021,0.890493
921045574,-54.905819,118.997330,44.461430,-0.363794,-0.585932,0.984766
921065609,-84.043892,176.043335,67.546356,-0.343678,-0.522750,1.015441
921085644,-102.148293,245.230286,106.751022,-0.409149,-0.502243,0.972876
921105681,-97.396698,316.446625,155.700119,-0.585715,-0.670502,0.865657
921125716,-60.260208,368.418488,186.408966,-0.908597,-1.020979,0.710687
921145752,12.760797,330.461365,157.173447,-1.178812,-1.642560,1.322099
921165787,-9.756128,87.649292,63.812267,-0.937580,-1.248832,1.979136
921185822,-21.842503,-50.815655,72.418076,0.849609,-0.634787,1.376686
921205858,-27.517864,-140.553894,51.149517,0.111861,-0.845954,0.979342
921225893,-21.033710,-203.962830,-3.380703,0.006090,-1.053851,0.800818
921245928,2.039836,-260.249939,-72.192955,-0.128132,-0.803275,0.483813
921265963,1.998425,-270.733276,-116.752487,-0.201592,-0.455337,0.324709
921285999,-16.704933,-262.044952,-141.855896,-0.412991,-0.397914,0.321873
921306034,-37.211700,-240.760803,-159.694229,-0.741313,-0.215228,0.281063
921326069,-35.224621,-202.813431,-158.616760,-1.179702,-0.223294,0.220578
921346105,-31.208780,-135.176605,-165.343369,-1.580446,-0.084732,0.186942
921366141,-17.213470,-59.636063,-154.130280,-1.894297,0.170913,0.098236
921386176,0.041405,4.290283,-105.712273,-1.998567,0.128805,0.143679
921406211,-0.498484,29.322437,-68.147865,-1.683567,0.132348,-0.077169
921426247,-16.397621,93.570091,-27.564411,-0.801035,-0.034007,-0.263978
921466317,345.626343,-13.072867,146.709961,-3.509295,0.671033,2.635893
921486353,6.672547,-72.864311,19.618637,0.305304,-0.308747,0.994292
921506388,44.704971,-9.537880,0.917380,-0.765450,-0.580319,0.873135
921526423,-17.610634,-6.426210,7.670959,-0.272965,-0.314998,0.821596
921546459,-10.564930,0.021863,-7.085742,-0.686032,-0.363447,0.776792
921566494,-9.652573,-1.243626,-5.648180,-0.488010,-0.484888,0.731242
921586529,-5.441765,-2.352114,-4.145415,-0.487606,-0.437086,0.742673
921606565,-1.563921,-2.953605,-5.797390,-0.497239,-0.459422,0.746290
921626600,1.024990,-2.490128,-4.019220,-0.475915,-0.443808,0.755645
921646636,1.707051,-2.414662,-3.255658,-0.474989,-0.419988,0.767607
921666672,1.179686,-1.663341,-2.771150,-0.465203,-0.422875,0.776074
921686707,0.668527,0.926461,-1.708717,-0.464873,-0.423511,0.777993
921706742,0.462804,0.594949,-0.961221,-0.479230,-0.419030,0.771167
921726778,0.837934,-0.969968,-0.726442,-0.480655,-0.433267,0.761262
921746813,2.049620,1.612386,1.109899,-0.472686,-0.432977,0.759040
921766848,3.994945,-1.490013,2.562481,-0.469600,-0.438296,0.757109
921786884,5.518224,-5.700652,3.186107,-0.481520,-0.416377,0.767295
921806919,5.593585,-5.174949,2.211514,-0.475863,-0.405469,0.773010
921826954,5.078818,-5.032269,0.576949,-0.486845,-0.387381,0.785408
921846989,2.481695,-5.528383,-1.645495,-0.472253,-0.349084,0.800036
921867025,-3.451848,-2.358918,-3.992573,-0.455289,-0.344601,0.826086
921887060,-6.912881,1.067986,-5.833838,-0.467958,-0.444031,0.765891
921907096,-1.631090,7.110473,-5.209764,-0.489345,-0.461051,0.741980
921927131,1.976444,6.110543,-2.677776,-0.468642,-0.454335,0.763269
921947167,3.646906,3.568576,-0.758984,-0.478516,-0.448326,0.762253
921967202,4.482846,0.247201,0.925315,-0.472550,-0.418528,0.775837
921987237,-0.092488,1.203812,1.680503,-0.464552,-0.387517,0.806290
922007273,-6.112538,2.685721,3.725181,-0.461591,-0.416037,0.788042
922027308,-8.331564,4.657671,3.800441,-0.486841,-0.421422,0.772672
922047362,-16.012856,6.902237,5.316149,-0.501303,-0.403226,0.780092
922067379,-20.107813,7.915715,4.669250,-0.485519,-0.428746,0.765710
922087413,-20.009066,7.708761,4.092605,-0.477635,-0.428456,0.763123
922107448,-20.653334,9.976477,2.771621,-0.477179,-0.436511,0.752780
922127483,-16.856850,10.143366,3.317205,-0.486069,-0.453591,0.746478
922147519,-15.891250,10.360940,4.379664,-0.482341,-0.451065,0.748541
922167554,-13.664089,9.894414,4.572699,-0.486726,-0.480898,0.726977
922187590,-8.719436,6.817376,5.569773,-0.506813,-0.471075,0.722033
922207625,-4.908019,4.726434,5.992205,-0.509825,-0.451251,0.727019
922227660,-3.851455,3.718716,6.452104,-0.489735,-0.464620,0.735795
922247696,-0.650098,0.730814,8.674051,-0.496300,-0.474457,0.718504
922267731,6.437131,-4.219416,9.650780,-0.522383,-0.469059,0.709732
922287766,11.037051,-8.312938,10.439574,-0.519163,-0.461954,0.717687
922307802,12.667268,-9.999040,10.706419,-0.509741,-0.440278,0.739366
922327837,13.256552,-12.060734,10.881584,-0.504219,-0.435936,0.744368
922347873,13.976767,-13.601743,11.681694,-0.514743,-0.409301,0.749380
922367908,11.555647,-14.005507,9.444212,-0.518613,-0.361433,0.771925
922387943,6.101297,-9.900728,4.678512,-0.507516,-0.361385,0.791692
922407978,0.886772,-6.696064,2.053407,-0.509733,-0.392694,0.770627
922428014,-0.462684,-5.184437,-0.114704,-0.505089,-0.406611,0.763471
922448049,-1.512243,-2.590751,-1.216360,-0.499903,-0.414581,0.765863
922468085,-2.974453,-0.739776,-1.780673,-0.494812,-0.419279,0.764331
922488120,-4.207842,1.931980,-3.018572,-0.495374,-0.408132,0.771387
922508155,-5.800231,4.435262,-3.698033,-0.497791,-0.416702,0.763814
922528191,-5.532804,4.623940,-4.049226,-0.491983,-0.439208,0.753428
922548226,-5.693519,4.133101,-4.015448,-0.507850,-0.418195,0.752897
922568262,-5.656621,5.289443,-5.197630,-0.495724,-0.432709,0.751157
922588297,-5.037287,6.384530,-5.716796,-0.498004,-0.435428,0.749667
922608332,-4.738703,6.667336,-5.638471,-0.499896,-0.430486,0.750893
922628368,-5.542509,6.423548,-5.829219,-0.494698,-0.436374,0.747637
922648403,-3.315047,4.957275,-5.317481,-0.498554,-0.455252,0.733151
922668439,-0.711336,2.290294,-3.702197,-0.484091,-0.460451,0.744622
922688474,1.608402,0.244626,-2.791181,-0.506841,-0.442690,0.733328
922708509,2.855506,-0.003533,-3.013011,-0.499213,-0.436708,0.744553
922728545,2.195875,0.685432,-4.258570,-0.524758,-0.413934,0.757764
922748580,-0.216626,1.751477,-5.837748,-0.488693,-0.442068,0.751403
922768615,-0.199425,0.712469,-4.241205,-0.486564,-0.448483,0.745818
922788651,3.162613,-2.343927,-2.035915,-0.493246,-0.455666,0.731702
922808686,7.823031,-4.566980,-1.970316,-0.483201,-0.439487,0.745490
922828722,3.282806,-1.147748,-3.929886,-0.522980,-0.401675,0.779238
922848757,-1.630900,1.427559,-4.618484,-0.492896,-0.433646,0.750574
922868792,-2.098080,0.571910,-4.839911,-0.494812,-0.435091,0.749815
922888827,-2.710442,-0.025530,-4.904979,-0.494780,-0.450054,0.745581
922908863,-0.742231,-1.954164,-3.600973,-0.477398,-0.476037,0.733777
922928898,5.835491,-7.405783,-0.001952,-0.473829,-0.477182,0.726383
922948934,13.674550,-13.991568,2.585161,-0.485406,-0.456249,0.743403
922968969,14.109470,-13.165114,1.489821,-0.501006,-0.423685,0.767506
922989004,9.095604,-9.057407,0.144019,-0.482682,-0.416537,0.771643
923009040,2.902397,-3.946401,-1.929156,-0.484965,-0.410201,0.781229
923029075,-0.901316,-1.817646,-2.312950,-0.482739,-0.429111,0.774498
923049110,-5.701366,2.877757,-4.074457,-0.499192,-0.432690,0.781123
923069146,-5.769835,4.667490,-3.887092,-0.510754,-0.515030,0.705523
923089181,2.317164,-0.791458,1.053119,-0.460612,-0.462686,0.734592
923109217,6.399258,-4.398241,3.854538,-0.443337,-0.395701,0.780128
923129252,4.424487,-3.216803,3.484267,-0.463500,-0.372957,0.799079
923149287,0.037554,-1.823759,1.870350,-0.478492,-0.387463,0.781739
923169323,-0.284622,-3.081458,1.360933,-0.492316,-0.430719,0.755946
923189358,2.073481,-5.519094,2.382522,-0.492000,-0.441761,0.753161
923209394,3.108557,-4.448896,3.859307,-0.479257,-0.430029,0.749084
923229429,2.473328,-0.891997,3.546849,-0.454121,-0.444253,0.761322
923249464,0.246643,0.842346,3.634967,-0.460721,-0.414806,0.773586
923269500,-1.733084,1.819899,5.436490,-0.461882,-0.442343,0.769000
923289535,-2.763620,5.947272,7.190631,-0.456348,-0.412894,0.786764
923309570,-6.041492,9.033052,11.093678,-0.427408,-0.438849,0.788366
923329606,-11.745361,32.806725,19.470665,-0.379395,-0.496677,0.831263
923349641,-10.405442,93.134926,27.597034,-0.525904,-0.623315,0.838134
923369677,-31.641785,115.115692,50.514217,-0.883755,-0.576865,0.966606
923389712,-83.327271,99.137695,101.905403,-1.088883,-0.788041,1.016050
923409747,-60.166531,58.034981,107.791801,-2.147641,-1.741241,1.403244
923429783,8.808223,20.428177,74.067314,-1.083194,-1.316727,1.042748
923449818,8.949156,39.659054,56.761581,-1.403570,-1.319784,1.257672
923469854,10.645263,51.671589,59.704926,-0.922499,-0.863913,1.340161
923489889,12.630590,38.787239,81.668976,-1.075376,-0.640339,1.470331
923509925,13.869092,20.029249,100.482162,-0.980785,-0.683063,1.344051
923529960,20.326614,21.646173,74.723610,-0.975806,-0.748129,1.132570
923549995,29.068666,45.530807,38.196655,-1.085521,-0.575122,1.072663
923570032,38.397820,54.194042,13.357704,-1.082129,-0.298999,1.137745
923590067,48.494923,42.097420,4.503648,-1.129752,-0.078753,1.008589
923610103,59.609497,27.886793,7.771336,-0.914229,0.078539,0.787134
923630138,70.814240,13.978403,3.570949,-0.754081,0.199381,0.565407
923650173,78.858109,0.557469,5.236200,-0.618285,0.305205,0.377493
923670209,86.521133,-19.429586,8.839868,-0.377775,0.306588,0.166666
923690244,90.797760,-26.003790,8.325706,-0.185431,0.281990,-0.027222
923710279,91.960587,-33.831833,2.490767,-0.038005,0.265279,-0.177544
923730315,90.107903,-31.235865,1.721444,0.220474,0.272704,-0.355664
923750350,81.357819,-26.631910,-7.113618,0.329066,0.225321,-0.440089
923770385,73.174576,-17.940275,-9.707997,0.381061,0.184733,-0.415640
923790421,67.351273,-13.391754,-9.675838,0.424491,0.138862,-0.382597
923810456,58.702515,-11.935972,-10.675266,0.370498,0.038350,-0.263729
923830492,51.570541,-12.379729,-10.299717,0.233403,-0.051763,-0.137306
923850527,41.163372,-17.819710,-15.490075,0.055791,-0.142074,-0.044747
923870563,24.259375,-7.853610,-27.689251,-0.089471,-0.099567,0.008083
923890597,1.646792,-6.106074,-26.686399,-0.404452,-0.007755,0.327034
923910633,-14.443270,-26.762869,-9.837992,-0.674596,-0.014013,0.529144
923930668,-25.740480,-40.794563,2.138850,-0.770743,-0.030186,0.582215
923950704,-34.484459,-46.828423,11.257476,-0.878820,-0.000595,0.629299
923970739,-40.280533,-46.196602,21.123037,-0.921491,0.027445,0.715619
923990775,-45.261238,-48.734280,34.572899,-0.956150,0.144174,0.785366
924010810,-46.080238,-62.340687,59.992668,-0.808943,0.105817,0.756583
924030845,-46.182770,-69.617569,64.241905,-0.674277,-0.017163,0.613696
924050881,-49.122253,-64.536598,57.080616,-0.562055,-0.022995,0.463702
924070916,-51.897713,-56.154232,52.310780,-0.478098,0.040907,0.422650
924090951,-53.365604,-53.656452,53.276512,-0.393997,0.057796,0.394381
924110987,-54.249260,-55.844383,50.578026,-0.324670,-0.066986,0.390626
924131022,-58.669048,-46.366241,28.182285,-0.229518,-0.228536,0.324020
924151057,-67.993835,-22.306757,-7.238352,-0.155881,-0.306432,0.445336
924171093,-76.141434,-13.166653,-42.566856,-0.192100,-0.381577,0.697406
924191129,-77.124908,-13.890026,-64.011040,-0.190867,-0.307933,0.829444
924211164,-77.825539,-16.805538,-73.293137,-0.287978,-0.329816,1.097180
924231199,-73.652115,-39.220848,-69.448486,-0.351483,-0.359476,1.291934
924251234,-73.885124,-65.246689,-64.047379,-0.460263,-0.516441,1.432709
924271269,-71.053787,-76.863281,-63.307243,-0.516733,-0.662724,1.474129
924291305,-56.725613,-84.827499,-73.221733,-0.647779,-0.711341,1.317448
924311340,-44.718464,-72.650421,-74.228760,-0.623761,-0.710240,1.226430
924331376,-42.111145,-51.641426,-71.554794,-0.499579,-0.715935,1.200503
924351411,-43.467384,-25.042753,-87.208473,-0.566666,-0.815551,1.031664
924371446,-35.939621,38.616520,-81.949791,-0.382961,-0.695045,0.760137
924391482,-40.612679,114.552979,-67.214523,-0.702951,-0.790283,0.768941
924411517,-72.198471,144.866760,-77.842087,-1.171053,-0.773744,0.881561
924431553,-20.873489,176.927917,-33.190144,-0.880666,-0.484041,0.946201
924451588,127.714729,124.968460,51.666214,-1.683185,-0.376882,2.372038
924471623,25.157261,-40.734180,56.439796,-0.717763,-0.490371,1.285251
924491659,1.471625,-30.747986,67.721184,-0.322733,-0.413492,0.719317
924511694,-16.581676,-17.343937,29.666973,-0.511022,-0.538526,0.680468
924531730,-10.665971,-16.352135,17.422016,-0.540940,-0.441393,0.733703
924551788,-8.110140,-16.197716,5.005481,-0.620142,-0.518375,0.671504
924571802,1.695652,-15.303875,0.865705,-0.557403,-0.561582,0.671769
924591834,11.176748,-14.945848,0.265685,-0.476638,-0.447089,0.753457
924611870,10.394638,-12.830712,-1.117587,-0.510390,-0.376782,0.786405
924631905,5.371977,-10.244663,-3.260016,-0.464458,-0.368269,0.810606
924651940,-0.477233,-7.084296,-5.485048,-0.459590,-0.371663,0.818348
924671975,-5.887582,-2.838757,-5.672007,-0.470032,-0.405927,0.790954
924692011,-7.211294,-1.746566,-5.578842,-0.490429,-0.431354,0.763353
924712046,-7.062750,-0.674458,-3.149379,-0.475846,-0.449541,0.759939
924732082,-7.021572,0.154486,-0.882779,-0.475138,-0.442437,0.759204
924752117,-5.812854,-0.422146,-1.176779,-0.472285,-0.424646,0.773129
924772152,-4.856302,-1.424637,-1.137434,-0.466270,-0.431347,0.775624
924792188,-3.806148,-2.606077,0.331082,-0.452502,-0.449269,0.766006
924812223,-2.020773,-3.861129,2.247555,-0.466659,-0.468607,0.751060
924832259,1.797973,-5.243417,2.355868,-0.460344,-0.473048,0.747184
924852294,5.204128,-6.824694,3.007201,-0.452542,-0.442339,0.766441
924872330,4.746542,-6.297173,4.231592,-0.454660,-0.413207,0.777605
924892365,3.672347,-7.421566,8.196807,-0.424434,-0.456371,0.757347
924912401,4.832536,-8.364118,11.963760,-0.422358,-0.474464,0.748973
924932436,6.475217,-6.565069,15.811037,-0.433093,-0.470890,0.755228
924952471,4.018908,5.333762,21.203693,-0.385374,-0.458451,0.855344
924972506,-6.037760,35.602703,24.269175,-0.459572,-0.488682,0.938339
924992542,-2.476750,101.425041,45.640697,-0.368991,-0.709219,1.096490
925012577,-8.986293,184.468506,72.222542,-0.376094,-0.630213,1.126806
925032613,8.493834,256.668823,104.291695,-0.519507,-0.823943,0.942823
925052648,81.978142,265.145111,135.995316,-0.891947,-1.000624,0.807484
925072684,140.540787,188.271515,120.226738,-1.010333,-0.583480,0.916085
925092719,112.786926,91.976852,50.331688,-0.616785,-0.504708,0.918134
925112754,96.008377,32.316391,-21.420761,0.088655,-0.932173,0.745020
925132789,123.104034,1.210348,-107.040237,0.168498,-0.908328,0.712741
925152824,140.410110,-31.600929,-199.956772,0.349494,-0.829341,0.726470
925172860,137.343613,-52.064583,-270.014221,0.324952,-0.503319,0.677791
925192895,128.799622,-57.656139,-321.332367,-0.143408,-0.546297,0.489277
925212931,136.468079,-34.330082,-371.822937,-0.592431,-0.778462,0.156228
925232966,160.539505,16.531179,-409.766510,-0.990910,-0.862233,-0.163573
925253002,164.345886,91.380310,-419.318085,-1.263022,-0.891594,-0.357462
925273037,155.519562,155.828323,-408.054443,-1.803401,-1.102276,-0.519067
925293072,116.638947,188.831146,-352.933563,-2.031717,-0.763486,-0.538924
925313107,23.438999,197.174377,-259.009338,-1.830449,-0.320787,-0.484801
925333143,2.778548,196.991745,-128.763672,-1.611162,-0.686059,0.003062
925353178,162.530685,74.395638,9.306380,-1.506522,0.312633,2.249394
925373214,58.015892,-48.924255,73.470695,0.561914,-0.226033,1.246898
925393249,131.309174,-54.652836,118.743706,-0.624070,-1.325343,0.419256
925413285,68.000992,-64.211166,48.723446,-1.146978,0.235020,1.005395
925433320,32.045315,-56.299324,21.345181,-0.598241,-0.409771,0.782891
925453355,6.440360,-32.332169,2.161807,-0.443080,-0.313736,0.849427
925473390,-4.574981,-21.807955,5.093711,-0.478315,-0.437752,0.796533
925493426,-10.586663,-15.388350,7.327714,-0.470575,-0.460432,0.761158
925513461,-10.378941,-8.767647,7.694581,-0.479673,-0.502207,0.725255
925533497,-5.580665,-5.908624,7.452956,-0.506857,-0.529942,0.698992
925573568,3.428356,2.537057,2.025027,-0.486803,-0.435522,0.750600
925593603,1.640115,6.198041,-2.369355,-0.466505,-0.407628,0.780012
925613638,-2.218472,8.378387,-3.801073,-0.479692,-0.405984,0.772669
925633674,-0.660060,8.776772,-6.038186,-0.480993,-0.456552,0.746852
925653709,0.044262,8.345727,-5.792860,-0.478747,-0.431032,0.751007
925693780,7.844973,1.952413,-3.287786,-0.484857,-0.459466,0.735596
925713815,14.532178,-0.677152,-4.152961,-0.485823,-0.481726,0.727087
925733850,20.545105,-1.704474,-5.810133,-0.482665,-0.452256,0.745262
925753886,25.142067,-2.570797,-7.636106,-0.483785,-0.464354,0.752282
925773921,27.996134,-3.436424,-7.908984,-0.498402,-0.394133,0.780211
925793956,28.251169,-4.619181,-5.824985,-0.506642,-0.390695,0.778231
925813992,27.648075,-5.033811,-4.609862,-0.493907,-0.365781,0.793773
925834027,23.454504,-3.232050,-4.620462,-0.484433,-0.334436,0.817335
925854063,18.616255,3.440636,-6.483639,-0.473297,-0.327670,0.826256
925874098,18.234013,30.276878,-8.237940,-0.353889,-0.377807,0.837857
925894133,40.082626,66.042976,-11.088735,-0.405713,-0.511632,0.916090
925914169,84.489571,92.843452,-33.296719,-0.387568,-0.673475,1.072573
925934204,127.624084,101.950394,-74.162674,-0.397962,-0.626587,1.014559
925954240,181.213074,108.172615,-108.088326,-0.697674,-1.183764,0.758944
925974275,230.148117,130.475769,-174.688797,-0.547356,-1.319569,0.301705
925994310,207.925766,164.816864,-335.402344,-0.812293,-1.650099,0.428650
926014346,218.154114,152.707275,-398.436218,-0.367160,-0.634831,0.416099
926034381,186.182373,156.265625,-403.524231,-0.227339,-0.238055,0.521917
926054416,153.714645,149.518234,-369.924530,-0.101661,0.081073,0.764829
926074452,151.352722,116.337387,-310.035522,-0.308149,-0.259153,0.862839
926094487,160.668610,86.467247,-287.420410,-0.484270,-0.686857,0.734787
926114522,167.517090,73.759613,-293.167969,-0.760630,-0.925323,0.407273
926134558,160.568909,85.705788,-299.782471,-0.842936,-0.961970,0.075548
926154595,132.485077,111.446121,-306.345795,-0.904263,-0.864017,-0.040777
926174630,102.516335,135.737122,-290.175018,-0.739252,-0.564071,-0.060352
926194665,48.071865,159.800354,-245.060165,-0.527970,-0.288839,0.100617
926214701,-11.261261,185.331879,-180.506317,-0.811605,-0.277596,-0.152381
926234736,163.335083,115.465645,6.831115,-3.940472,0.454060,1.152084
926254772,20.751354,-62.665394,29.207365,-0.666574,1.055644,1.656503
926274807,18.937283,-47.824783,40.017052,0.229866,-1.599335,0.564644
926294842,-6.001486,-2.559742,7.259955,-0.720511,-0.156979,0.925005
926314878,-6.734562,-5.941154,2.673040,-0.561829,-0.656067,0.611893
926334913,7.209258,2.041291,-3.720666,-0.454203,-0.557063,0.681739
926354948,16.749441,1.616213,-5.967181,-0.499183,-0.505418,0.723270
926374984,18.249178,-0.411175,-5.978952,-0.495874,-0.418787,0.774411
926395019,13.582214,-2.224429,-4.846642,-0.470502,-0.400443,0.794843
926415054,4.776418,-2.240101,-2.791332,-0.503244,-0.379692,0.812387
926435090,-6.869452,0.355928,-1.646732,-0.505474,-0.391583,0.790813
926455125,-9.089624,-0.443399,-2.274018,-0.496602,-0.434609,0.753876
926475160,-6.812117,-1.413582,-4.620111,-0.484634,-0.448137,0.745033
926495196,-0.943724,-3.400676,-5.505972,-0.458854,-0.446179,0.741858
926515231,9.511061,-7.667156,-4.321029,-0.460769,-0.493657,0.710197
926535266,18.006374,-10.560433,-3.527376,-0.463536,-0.450758,0.753342
926555302,9.900410,-4.728320,-5.302269,-0.487627,-0.348906,0.851351
926575337,-3.037883,3.408881,-9.988735,-0.516859,-0.480128,0.747901
926595373,1.355968,2.468024,-8.997798,-0.447357,-0.455561,0.748191
926615408,5.884760,-1.772787,-3.877765,-0.421893,-0.444156,0.764821
926635444,8.644135,-3.170533,-0.274952,-0.459379,-0.446206,0.764234
926655479,9.732233,-4.034323,0.913512,-0.455033,-0.407906,0.781041
926675514,8.891337,-5.532152,1.758491,-0.463850,-0.393699,0.780931
926695550,8.502739,-7.206003,3.242836,-0.445392,-0.432530,0.775280
926715585,7.747814,-7.740670,5.444744,-0.463930,-0.389210,0.788561
926735620,4.832592,-7.220819,5.798450,-0.477002,-0.386246,0.798233
926755656,1.670496,-5.262710,4.453525,-0.480853,-0.400528,0.797839
926775699,-0.496516,-2.991122,3.261048,-0.468059,-0.411782,0.789914
926795726,-1.868431,-0.418966,1.410287,-0.463028,-0.412817,0.794286
926815762,-3.537366,3.487385,0.608001,-0.453665,-0.410367,0.785623
926835797,-4.718480,14.404858,3.819140,-0.455926,-0.420684,0.772871
926855832,-3.610947,25.046375,1.300411,-0.458702,-0.410916,0.768880
926875868,-0.528532,35.954315,-0.871197,-0.501070,-0.417830,0.774860
926895903,-2.718477,39.505932,-2.142068,-0.539196,-0.394674,0.788022
926915939,-8.150703,29.804010,-6.508595,-0.557379,-0.418282,0.765734
926935974,-9.515684,13.853297,-7.504182,-0.498168,-0.457950,0.748180
926956010,-9.604807,3.414176,-4.528073,-0.484290,-0.442369,0.755488
926976045,-9.666329,0.925515,-4.576789,-0.501982,-0.450906,0.744997
926996081,-5.485211,-3.297419,-2.096034,-0.470022,-0.461371,0.718583
927016115,1.957542,-6.465872,1.538739,-0.487235,-0.447166,0.724872
927036151,7.072466,-7.047528,3.870143,-0.492437,-0.411468,0.726679
927056186,12.203791,-9.963319,7.256398,-0.502782,-0.363453,0.749379
927076222,10.199587,-11.477283,8.036896,-0.502302,-0.349686,0.785020
927096257,7.583313,-9.543678,8.672103,-0.456593,-0.350858,0.800691
927116293,2.828995,-3.382004,6.650167,-0.481227,-0.414262,0.808881
927136328,0.151882,2.152457,1.191902,-0.505403,-0.495484,0.735868
927156363,4.634977,2.733181,-0.006140,-0.498981,-0.514919,0.716839
927176398,7.275448,2.412273,0.225061,-0.501507,-0.461199,0.750130
927196442,9.303674,3.601060,0.321350,-0.496152,-0.455687,0.748757
927216468,13.016204,5.743505,0.895554,-0.493516,-0.370918,0.783329
927236503,8.899811,6.756737,1.465817,-0.499077,-0.326604,0.801304
927256539,3.618932,7.282901,1.063443,-0.506233,-0.341981,0.789841
927276574,-1.691951,5.755826,1.305690,-0.512359,-0.344847,0.789373
927296609,-6.059117,2.380650,3.629929,-0.503948,-0.359457,0.774098
927316645,-5.971080,-2.335270,7.078470,-0.491615,-0.417073,0.747366
927336680,-3.267487,-4.093826,8.940142,-0.501949,-0.417800,0.748909
927356715,-0.128437,-4.755414,10.114990,-0.506580,-0.416212,0.748456
927376751,1.947261,-6.396111,11.674184,-0.503448,-0.409746,0.755866
927396786,4.636407,-7.396795,14.163850,-0.451732,-0.438771,0.739328
927416821,8.601215,-6.247965,14.604209,-0.459186,-0.401507,0.740089
927436857,8.180480,-4.295289,14.587988,-0.470129,-0.348257,0.774957
927456892,4.946030,-8.781571,17.079874,-0.544745,-0.345372,0.795973
927476927,-8.159307,-7.489031,13.975961,-0.511902,-0.331286,0.850222
927496963,-26.760630,8.329419,8.726072,-0.526414,-0.416128,0.852742
927516998,-44.161579,34.875782,14.001409,-0.412330,-0.444129,0.908410
927537034,-65.739616,78.572800,31.260397,-0.399311,-0.656690,0.901780
927557069,-70.632217,136.369751,73.799881,-0.469848,-0.630672,0.960752
927577104,-78.705856,204.909683,111.396790,-0.534215,-0.594222,0.985683
927597140,-55.786858,280.156799,159.788300,-0.622926,-0.666230,0.945773
927617175,2.710918,323.471588,223.643051,-0.787083,-1.125100,0.656777
927637211,103.842339,332.254028,265.620636,-0.772920,-1.543241,0.761670
927657246,235.062836,254.156723,282.345520,-1.218898,-1.401541,1.212223
927677282,203.694565,142.619019,230.171310,-1.508058,-1.134732,1.696410
927697317,-0.991961,16.030176,40.111851,-0.207865,-1.511650,1.572593
927717352,38.166458,-39.437386,-35.927505,0.146458,-1.444713,1.045347
927737387,11.541732,-81.671432,-69.921074,0.372460,-0.382987,0.790614
927757422,-35.358273,-81.146439,-79.031296,0.414657,-0.474107,0.707010
927777458,-30.561941,-102.501724,-78.959404,0.051167,-0.525088,0.829373
927797493,-37.345997,-140.579849,-97.326378,-0.116497,-0.518363,0.896545
927817528,-47.057789,-175.978561,-125.520599,-0.274846,-0.606677,0.911374
927837564,-48.325344,-207.664520,-151.435852,-0.403401,-0.606420,0.832861
927857599,-51.560471,-215.345520,-161.477280,-0.391104,-0.521186,0.731110
927877635,-53.673676,-202.162033,-151.081772,-0.496585,-0.618769,0.688691
927897670,-49.466476,-174.887115,-136.292679,-0.768477,-0.800023,0.802897
927917705,-58.066807,-154.922150,-155.071930,-1.166610,-0.995834,0.864064
927937741,-26.444555,-116.946213,-151.156143,-1.187228,-1.049350,0.764284
927957776,-20.721199,-69.416969,-161.697174,-1.544114,-0.749703,0.865767
927977811,-33.025650,-75.718292,-190.824966,-2.309068,-0.842257,1.028875
927997847,-31.040100,-105.351807,-216.364166,-2.112605,-0.382264,0.578638
928017882,-24.198244,-84.864189,-199.375290,-1.818359,0.101210,0.222574
928037918,-39.134109,-56.339260,-156.818787,-1.911449,0.502080,0.224668
928057953,-55.616192,-52.189762,-94.295067,-2.036315,0.787004,0.065620
928077988,-35.197674,-37.062084,-21.307484,-1.918153,0.928757,-0.142281
928098024,-4.422085,-1.719594,34.022949,-1.785792,0.684062,-0.087493
928118059,22.142693,21.319454,70.518333,-1.628447,0.178047,0.040006
928138095,49.206387,81.398338,129.826584,-0.006729,-0.530789,0.659075
928158130,80.100021,156.379395,196.945312,0.853654,-1.622476,1.553694
928178165,57.416969,159.092499,49.673847,-2.658930,-0.151398,0.193288
928198201,58.394978,143.270447,49.657822,-0.654958,-0.186259,1.677751
928218236,62.619137,15.840528,102.206100,-0.878081,-0.225387,1.090213
928238272,70.303619,-27.405432,69.674370,-1.024414,-1.281850,0.635412
928258307,52.585258,-29.642561,19.162193,-0.605978,-0.144595,0.878012
928278342,29.170967,-33.945442,9.855506,-0.588910,-0.550084,0.710837
928298377,22.847736,-29.280066,7.877698,-0.483618,-0.392603,0.786209
928318413,13.244285,-21.412884,7.913475,-0.477100,-0.361866,0.811904
928338448,6.152625,-14.723053,3.257769,-0.519910,-0.382355,0.785791
928358484,2.754683,-11.261498,2.909262,-0.471798,-0.428947,0.768782
928378519,3.389536,-9.432583,2.504865,-0.502397,-0.436924,0.755870
928398555,3.593935,-6.158899,0.471516,-0.477147,-0.401317,0.787626
928418590,1.395834,1.169845,-1.494709,-0.466000,-0.404048,0.790658
928438625,-0.110400,3.009073,-0.543364,-0.469076,-0.424403,0.772095
928458660,-0.659637,1.525950,0.981878,-0.481997,-0.408227,0.779094
928478696,-1.080503,3.334295,0.872296,-0.468315,-0.404602,0.780789
928498731,-0.330711,6.779518,0.461365,-0.476563,-0.409835,0.774648
928518767,2.049566,12.031880,0.261911,-0.473163,-0.408607,0.767699
928538802,2.311244,9.333777,1.656452,-0.492174,-0.410428,0.775547
928558837,0.821270,1.986324,4.080966,-0.500813,-0.422335,0.761591
928578873,1.251826,-3.499803,6.104015,-0.499618,-0.417781,0.763420
928598908,1.499705,-10.169308,9.011008,-0.470016,-0.455251,0.757240
928618943,1.946456,-15.480507,11.732388,-0.454688,-0.444594,0.768410
928638979,0.287225,-17.659397,13.040403,-0.455798,-0.421391,0.781975
928659014,-3.547444,-17.811810,12.556358,-0.456944,-0.405667,0.793922
928679049,-8.789870,-13.891218,12.043851,-0.451782,-0.404030,0.809026
928699085,-15.361128,-3.077671,13.200729,-0.435190,-0.413164,0.822185
928719121,-30.185297,26.185926,16.496456,-0.413582,-0.404603,0.922290
928739156,-50.377586,77.056320,27.555813,-0.413891,-0.599156,0.890615
928759191,-74.179337,132.946732,70.961205,-0.299713,-0.543213,1.039233
928779226,-97.144485,202.855469,96.881226,-0.331954,-0.538103,1.039449
928799262,-87.414268,271.616638,131.111221,-0.503581,-0.594123,0.950388
928819297,-65.525223,329.624542,158.881317,-0.677938,-0.700497,0.774151
928839334,-8.047266,353.629364,167.532501,-0.769873,-1.086833,0.702938
928859369,36.048183,286.272339,105.441643,-0.894998,-1.395724,1.393746
928879405,-5.017259,73.256668,29.626293,-0.388376,-0.925523,1.667303
928899440,-5.325239,-37.444519,30.560892,0.471126,-0.529266,1.127972
928919475,-7.992045,-110.234871,27.154928,-0.014930,-0.734132,0.929487
928939511,1.578065,-167.054672,-8.013745,0.011331,-0.798787,0.769534
928959546,0.644099,-202.670242,-42.253639,-0.067829,-0.606260,0.606574
928979581,-16.692474,-213.078369,-62.211353,-0.145478,-0.462224,0.521126
928999617,-34.836594,-203.993500,-68.513161,-0.337923,-0.552898,0.498394
929019652,-30.507330,-195.813568,-77.040855,-0.696195,-0.792047,0.505536
929039687,-28.206635,-176.627472,-93.000687,-0.939775,-0.690490,0.538025
929059723,-43.681099,-142.573471,-126.654640,-1.277870,-0.614170,0.512076
929079759,-29.647615,-110.415794,-148.893768,-1.477821,-0.326544,0.577146
929099794,-19.835833,-87.081619,-149.974640,-1.546833,-0.076244,0.640250
929119829,6.628984,-76.178726,-125.164070,-1.681219,0.032931,0.394253
929139864,35.313988,-37.602097,-83.424438,-1.548441,0.192385,-0.103262
929159900,43.642742,29.791920,-37.644787,-1.598189,0.317079,-0.240744
929179935,24.268053,81.327843,2.972667,-1.559319,0.458079,-0.165901
929199971,22.060417,124.626068,51.818268,-1.456132,0.361012,0.075581
929220006,140.934998,-22.747131,84.555161,-2.398939,-0.529176,1.797119
929240041,6.751877,-86.283333,10.652417,0.059639,-0.689206,0.717148
929260077,58.512375,-53.662449,24.100737,-0.668285,-0.775054,0.710746
929280112,24.125452,-35.143250,20.334332,-0.426109,-0.158445,0.879332
929300147,9.922843,-17.052391,1.350878,-0.490602,-0.288383,0.869964
929320182,0.620905,-9.306458,-2.282346,-0.501499,-0.430399,0.778163
929340218,2.740131,-6.805707,-2.953480,-0.507715,-0.450767,0.744346
929360253,4.440849,-6.392346,-1.547412,-0.484700,-0.454866,0.751693
929380289,5.675651,-7.874876,0.728618,-0.475988,-0.447720,0.758293
929400324,6.112866,-7.669874,1.517461,-0.466392,-0.412881,0.793587
929420360,3.271602,-4.578335,-0.383328,-0.470338,-0.387932,0.802818
929440395,0.416375,-2.075530,-1.164988,-0.466989,-0.404042,0.789730
929460430,-1.274870,-0.115488,-1.298603,-0.476277,-0.423230,0.778512
929480466,-1.090543,-0.022307,-0.777844,-0.472074,-0.419524,0.779944
929500501,-1.028868,-0.164848,-0.404500,-0.458935,-0.419622,0.785370
929520536,-2.237923,0.652895,-0.398854,-0.465646,-0.410989,0.787590
929540571,-2.835308,1.607481,-0.845807,-0.467748,-0.414622,0.785924
929560607,-3.088292,1.841640,-1.217440,-0.469992,-0.413970,0.783970
929580642,-3.524079,1.744711,-0.872281,-0.470943,-0.417150,0.784780
929600678,-4.794095,2.414029,-0.645962,-0.478055,-0.420118,0.777197
929620713,-4.610913,2.273581,-1.023225,-0.478225,-0.418217,0.771456
929640748,-4.374365,1.590954,-1.521180,-0.461721,-0.403004,0.785728
929660784,-5.012791,3.478532,-4.262256,-0.468647,-0.428296,0.783671
929680819,-4.469973,4.259038,-4.746134,-0.449947,-0.473836,0.758569
929700855,-1.970974,1.812444,-1.206834,-0.438575,-0.479515,0.751239
929720890,1.469693,-1.541310,2.702013,-0.454734,-0.469893,0.751736
929740926,4.326498,-3.362567,4.692555,-0.460167,-0.443740,0.763394
929760961,5.941044,-3.388986,4.540487,-0.470530,-0.421743,0.773244
929780996,6.207681,-3.169228,3.554291,-0.465189,-0.407448,0.783493
929801031,4.874886,-2.645093,2.546952,-0.472266,-0.394428,0.788242
929821067,2.968376,-1.403601,1.679492,-0.472142,-0.403093,0.787358
929841102,1.674316,-0.769228,1.040572,-0.472022,-0.403464,0.785268
929861137,0.296305,0.031351,0.572120,-0.471536,-0.408936,0.786294
929881173,-0.508141,0.752436,-0.205604,-0.471977,-0.412039,0.783655
929901208,-0.922622,1.385417,-1.238385,-0.473083,-0.412758,0.784001
929921243,-0.946461,1.202723,-1.929112,-0.468637,-0.422212,0.774372
929941287,-0.448941,0.458860,-1.801058,-0.461244,-0.428561,0.776435
929961325,0.148418,-0.204134,-1.396987,-0.460267,-0.427303,0.772901
929981360,0.968771,-1.199674,-0.116989,-0.453698,-0.436931,0.773412
930001396,1.780908,-1.829145,0.684625,-0.465010,-0.419866,0.776979
930021431,2.110042,-2.626664,0.797472,-0.468592,-0.415722,0.780906
930041466,2.339498,-3.345697,0.750786,-0.463013,-0.414312,0.780640
930061502,1.887839,-3.283529,0.630740,-0.456698,-0.415541,0.784399
930081537,1.612295,-2.915466,0.566778,-0.462570,-0.421237,0.783671
930101572,1.887246,-2.326801,0.081950,-0.461608,-0.420067,0.781046
930121608,2.644298,-2.289203,-0.379912,-0.462922,-0.425527,0.780491
930141643,3.233271,-2.224050,-0.618842,-0.462266,-0.423527,0.780407
930161678,3.884391,-2.183598,-0.115780,-0.456560,-0.420191,0.784778
930181714,2.943521,-1.767589,0.190798,-0.454759,-0.408972,0.792333
930201749,2.002356,-1.248900,0.253503,-0.460844,-0.411207,0.789498
930221784,1.795612,-0.948975,0.134976,-0.457618,-0.410967,0.787372
930241820,2.177778,-1.142935,-0.228320,-0.454842,-0.420021,0.785810
930261855,2.529807,-1.387772,-0.209299,-0.455633,-0.413628,0.787325
930281891,2.376503,-1.124789,-0.427932,-0.455113,-0.417189,0.787162
930301926,3.340723,-1.544769,-0.420805,-0.457748,-0.429037,0.780141
930321961,4.136773,-1.713940,-0.280268,-0.452095,-0.413016,0.788844
930341997,4.083422,-1.294583,-0.137896,-0.452760,-0.415745,0.789112
930362032,2.101662,0.079408,0.006731,-0.446887,-0.405377,0.798290
930382067,0.105362,1.537558,0.757005,-0.450313,-0.417939,0.794896
930402103,-1.377771,3.536369,1.809437,-0.446107,-0.414309,0.802061
930422138,-4.067876,14.189919,3.929153,-0.387027,-0.408531,0.799847
930442174,0.773989,59.067474,10.824020,-0.334509,-0.398299,0.805782
930462209,2.394563,95.602928,12.668946,-0.610429,-0.374392,0.847634
930482245,-20.083492,65.882980,7.402618,-0.642253,-0.418846,0.793761
930502280,-32.731937,28.459953,5.469356,-0.703993,-0.341563,0.788414
930522315,-55.996075,-2.886983,8.172862,-0.726311,-0.169976,0.921569
930542350,-119.015358,-69.167694,69.554703,-0.797900,0.415105,1.316472
930582421,-169.743393,-217.723206,248.200317,-1.074896,-0.041058,0.722019
930602456,-163.657104,-221.847504,280.971436,-0.943298,-0.255199,0.402611
930622492,-147.738403,-203.253159,292.477722,-0.989563,-0.468571,0.277240
930642527,-137.671936,-180.507965,293.165588,-0.861162,-0.593073,0.227062
930662562,-137.147232,-153.800903,288.428711,-0.696306,-0.678100,0.259064
930682598,-131.885956,-131.105499,277.484680,-0.503084,-0.621040,0.397382
930702633,-130.302307,-115.606972,257.524109,-0.383872,-0.508210,0.492243
930722669,-128.237549,-98.073708,236.618393,-0.281443,-0.392159,0.476043
930742704,-127.411728,-75.637642,222.099091,-0.204824,-0.355336,0.411274
930762739,-124.797752,-43.831417,192.529861,-0.218442,-0.532534,0.382765
930782775,-95.161240,2.939045,143.866440,0.101966,-0.630679,0.509734
930802810,-28.630703,-99.210464,-3.565557,-1.714962,-1.964554,0.972970
930822846,9.090480,-107.090240,-33.113419,-1.331450,-0.169051,0.857924
930842881,-0.558534,-15.136179,-20.923937,0.614806,-1.026847,0.955631
930862916,5.428841,-10.897700,-6.696317,-0.904627,-0.197513,0.790538
930882952,3.232552,-6.275383,-19.246496,-0.439362,-0.385733,0.770072
930902987,4.085835,-5.609454,-10.118630,-0.482586,-0.385587,0.788120
930923022,1.527725,-4.520064,-5.741722,-0.477919,-0.368175,0.802443
930943057,-1.434133,-0.006279,-6.272318,-0.462275,-0.362475,0.802167
930963093,-4.630106,0.764626,-4.016545,-0.490801,-0.386229,0.794250
930983128,-8.277190,3.286415,-1.572308,-0.480286,-0.395546,0.787370
931003163,-9.279603,5.921273,-1.693932,-0.485751,-0.414674,0.776586
931023199,-10.740607,5.866256,-1.145280,-0.476381,-0.418388,0.781955
931043234,-10.226145,6.439680,0.190583,-0.490161,-0.438493,0.753914
931063270,-7.439725,6.113417,0.857465,-0.499023,-0.414051,0.762329
931083305,-9.220331,4.697751,2.962353,-0.488736,-0.389012,0.782921
931103340,-13.465094,6.720465,4.837291,-0.490685,-0.394484,0.776258
931123376,-16.740166,7.333542,5.047951,-0.501553,-0.400429,0.768159
931143411,-20.327528,5.953098,6.593880,-0.508831,-0.375610,0.786430
931163447,-26.665655,6.712012,5.241275,-0.518971,-0.396687,0.782209
931183482,-30.212185,7.054905,2.587366,-0.481446,-0.434329,0.770623
931203517,-32.279133,6.560756,2.069829,-0.484805,-0.444013,0.752480
931223553,-33.726044,5.529203,1.720293,-0.510780,-0.459040,0.743494
931243588,-37.439529,4.293492,0.313558,-0.518718,-0.473961,0.729741
931263623,-42.431355,1.962964,-1.267981,-0.527778,-0.410937,0.777902
931283659,-50.991474,-4.078763,1.886915,-0.520269,-0.398117,0.788741
931303694,-58.502083,-8.986112,-0.308683,-0.556337,-0.411950,0.784481
931323729,-67.534492,-15.309804,-1.517988,-0.553511,-0.397548,0.792318
931343765,-79.961578,-23.227028,-0.066780,-0.565373,-0.391661,0.807919
931363800,-94.382240,-36.261234,4.821665,-0.578309,-0.344728,0.826571
931383836,-105.832016,-55.473179,17.594658,-0.575566,-0.382903,0.811349
931403871,-111.974709,-76.946411,33.499794,-0.586071,-0.409871,0.750354
931423906,-112.549339,-102.927231,53.339283,-0.659608,-0.454804,0.758329
931443943,-106.413109,-145.468735,80.059860,-0.804465,-0.421477,0.857146
931463978,-76.291069,-206.873169,115.927109,-1.047574,-0.544857,0.885814
931484014,-39.276478,-266.557556,161.812698,-1.159131,-0.528168,0.664970
931504049,-37.038803,-285.206451,190.191345,-0.869790,-0.493641,0.356027
931524085,-51.552475,-274.554230,222.914688,-0.964347,-0.424617,0.190765
931544120,-87.020638,-248.534607,259.662415,-1.152606,-0.300706,-0.036510
931564155,-112.570030,-208.553864,289.811493,-1.260561,-0.480025,0.032272
931584190,-118.009354,-187.982895,301.912415,-1.282593,-0.486637,0.216889
931604226,-113.068581,-177.528641,304.887939,-1.142976,-0.505739,0.307122
931624261,-105.626625,-164.501541,294.385437,-1.025331,-0.571179,0.318370
931644296,-93.649803,-143.421814,274.549377,-0.896199,-0.703611,0.305445
931664332,-80.614540,-118.729164,250.200104,-0.748787,-0.787145,0.328116
931684367,-66.474617,-91.561348,221.669922,-0.554798,-0.863542,0.373821
931704402,-45.736004,-65.913124,188.711823,-0.454714,-0.859211,0.474005
931724438,-24.653774,-43.896801,149.307556,-0.290895,-0.859707,0.542151
931744473,-3.202807,-24.131422,105.078888,-0.207161,-0.873952,0.598319
931784544,18.658770,1.310357,33.810658,-0.186100,-0.784008,0.581799
931804580,25.374144,13.138998,11.510454,-0.212322,-0.753742,0.530094
931824615,32.037590,34.854530,-4.118637,-0.228281,-0.731708,0.399249
931844650,43.964279,72.264183,-10.219991,-0.186576,-0.636931,0.210377
931864686,38.987835,80.627884,-12.570163,-0.561108,-0.968888,1.431042
931884721,26.409473,-67.767822,-90.670158,-0.640044,-1.032297,0.989799
931904756,10.083399,-89.806770,-54.369640,0.593385,-0.743863,1.120339
931924792,33.558495,-96.527275,-1.692624,-1.050504,-1.237468,0.612517
931944827,-1.460978,-8.490387,15.760928,0.201109,0.126051,1.204021
931964862,-19.183262,2.627957,-2.194551,-0.706056,-0.433716,0.789817
931984898,-29.539801,4.835698,1.910899,-0.385457,-0.316926,0.830286
932004933,-21.732004,0.924538,3.768268,-0.502744,-0.508872,0.715752
932024968,-9.970432,-0.507651,3.263045,-0.510055,-0.516127,0.706903
932045004,-2.180204,-1.206423,3.064335,-0.470787,-0.489690,0.729386
932065046,0.335609,-1.826879,1.547652,-0.478511,-0.452253,0.759807
932085074,3.067580,-3.884565,1.645533,-0.479948,-0.445520,0.750116
932105110,3.595175,-4.538577,1.338096,-0.487611,-0.424878,0.773396
932125145,2.179195,-4.017065,1.127133,-0.474725,-0.425236,0.783278
932145180,-2.580558,-1.289702,1.143739,-0.486120,-0.396668,0.792545
932165216,-5.222536,1.967577,-0.518811,-0.479949,-0.397204,0.782285
932185251,-6.165190,2.869479,-1.676831,-0.474826,-0.401526,0.784848
932205287,-6.257752,2.156130,-2.204430,-0.470245,-0.402939,0.782660
932225322,-5.921758,1.366729,-2.726856,-0.472400,-0.438444,0.761245
932245357,-6.119694,1.907855,-1.939656,-0.480727,-0.440011,0.762280
932265393,-6.839841,3.716506,-2.706352,-0.488783,-0.442218,0.763140
932285428,-8.135149,4.394305,-4.347564,-0.479849,-0.428690,0.770636
932305463,-12.967045,7.883266,-7.001825,-0.503734,-0.406283,0.788337
932325499,-15.710339,12.585111,-10.241042,-0.502322,-0.465941,0.747126
932345534,-9.877243,7.715667,-8.531347,-0.453003,-0.509125,0.712748
932365569,-0.152568,0.388593,-3.464004,-0.438888,-0.508878,0.714097
932385605,7.804031,-5.297455,1.252365,-0.455645,-0.471545,0.744808
932405640,11.640210,-8.380468,3.195254,-0.466552,-0.447551,0.749547
932425676,13.254880,-8.860470,3.176230,-0.474433,-0.433598,0.759647
932445711,11.393879,-7.676073,1.986502,-0.484620,-0.416302,0.785165
932465746,6.135561,-4.316828,1.047192,-0.476809,-0.412180,0.783476
932485795,4.061020,-1.284966,0.306259,-0.468392,-0.430062,0.772032
932505815,3.999352,-0.904830,-0.079911,-0.477729,-0.429534,0.768675
932525851,5.031923,-0.859366,-0.527467,-0.473926,-0.429015,0.770745
932545887,6.370815,-1.175923,-0.780991,-0.465669,-0.427360,0.768343
932565922,6.692411,-1.276962,-0.630220,-0.466299,-0.409535,0.783388
932585957,4.994336,-1.678988,0.076487,-0.464948,-0.400795,0.783297
932605992,3.761816,-1.293099,-0.289706,-0.465001,-0.403341,0.785396
932626028,1.970234,-1.417501,-0.942248,-0.469324,-0.395096,0.786295
932646063,2.290911,-2.045813,-1.485894,-0.465183,-0.418695,0.771058
932666098,4.701763,-3.225344,-1.216830,-0.460534,-0.427119,0.772532
932686134,6.041278,-3.709264,-0.959247,-0.471111,-0.431486,0.776082
932706169,5.322134,-3.229518,-0.821277,-0.463157,-0.413115,0.784729
932726204,3.860650,-2.781292,-0.696024,-0.467322,-0.426307,0.781596
932746240,3.003794,-2.486126,-0.513512,-0.466583,-0.419285,0.784775
932766275,1.756311,-1.766431,-0.631212,-0.462917,-0.409915,0.788638
932786310,0.753659,-1.045792,-0.795794,-0.461775,-0.408472,0.786288
932806346,-0.088275,-0.578025,-0.933031,-0.456335,-0.410248,0.787394
932826381,-0.960671,0.026176,-0.961558,-0.463717,-0.417307,0.783275
932846417,-0.922553,0.181053,-1.090219,-0.466145,-0.417201,0.781137
932866452,-1.274808,0.274877,-1.279217,-0.465811,-0.414368,0.784684
932886487,-2.092792,0.364543,-0.593802,-0.460922,-0.417874,0.785056
932906523,-1.886299,0.381529,-0.701602,-0.460528,-0.422539,0.780618
932926558,-1.151420,0.073740,-0.508690,-0.457979,-0.423747,0.780213
932946593,-0.515844,-0.496716,-0.149730,-0.458548,-0.424469,0.781296
932966629,0.486814,-0.634757,-0.024991,-0.462133,-0.422531,0.778222
932986664,1.175558,-1.109039,0.005617,-0.465778,-0.417844,0.780600
933006699,1.450918,-1.505878,-0.076158,-0.456620,-0.418461,0.783680
933026735,1.795601,-1.746193,0.187886,-0.454781,-0.419393,0.782170
933046770,1.429014,-1.930678,0.799769,-0.442332,-0.424879,0.782048
933066805,0.618551,-1.647987,1.364697,-0.457417,-0.410150,0.786646
933086841,-0.667136,-0.997953,1.300001,-0.461820,-0.399973,0.793817
933106876,-2.282224,-0.314350,0.969043,-0.461987,-0.400339,0.792632
933126912,-3.139739,0.255880,0.603300,-0.461543,-0.413124,0.786488
933146947,-2.956408,0.251908,0.334626,-0.461316,-0.429005,0.780894
933166982,-2.038038,-0.000150,0.381960,-0.461641,-0.429648,0.777978
933187017,-1.257628,0.179078,0.227669,-0.464556,-0.424693,0.780459
933207053,-0.982364,0.128218,0.042344,-0.464041,-0.422044,0.784010
933227088,-0.508168,0.062723,-0.174535,-0.461269,-0.421526,0.781875
933247124,-0.094948,0.063620,-0.199116,-0.461332,-0.422170,0.779692
933267159,0.356259,-0.101268,-0.432252,-0.456924,-0.422927,0.783232
933287195,0.210741,0.068364,-0.537072,-0.463185,-0.416305,0.784829
933307230,0.409412,0.025734,-0.775591,-0.462409,-0.426804,0.782051
933327265,0.309869,0.033833,-0.821043,-0.460641,-0.422443,0.782071
933347300,0.868477,-0.102903,-0.847633,-0.460808,-0.419796,0.782516
933367336,1.006049,-0.062556,-0.993191,-0.460630,-0.420801,0.782249
933387371,1.266147,-0.061200,-1.070746,-0.461013,-0.426730,0.780257
933407407,1.327645,-0.163595,-0.842420,-0.454022,-0.421124,0.785282
933427442,1.243657,-0.073677,-0.695713,-0.457460,-0.420094,0.784034
933447477,1.243696,-0.066410,-0.665019,-0.460469,-0.417238,0.785609
933467513,0.845681,0.071733,-0.730901,-0.457723,-0.416533,0.785293
933487548,0.340921,0.213373,-0.482488,-0.457367,-0.414526,0.786932
933507583,-0.010500,0.153002,0.008159,-0.457897,-0.423381,0.781032
933527619,0.348985,-0.143476,-0.126481,-0.454526,-0.422770,0.781547
933547654,0.586497,-0.406629,0.114782,-0.456383,-0.420466,0.784964
933567690,0.517849,-0.263375,0.284950,-0.461200,-0.416227,0.786230
933587725,-0.369089,0.064665,0.888925,-0.455611,-0.417376,0.783878
933607760,-2.379628,1.473563,2.496056,-0.455019,-0.411986,0.789789
933627796,-3.795029,4.135812,2.583017,-0.460956,-0.414049,0.783407
933647831,-2.840373,3.651019,1.066242,-0.463439,-0.425985,0.778299
933667866,-1.570779,2.096687,0.570424,-0.460623,-0.422811,0.780708
933687902,-0.889872,1.256274,0.482420,-0.461674,-0.420892,0.778954
933707937,-0.928335,0.568263,0.375875,-0.462311,-0.423535,0.777403
933727972,-0.346870,-0.219080,0.319434,-0.461675,-0.421349,0.778773
933748007,-0.201718,-0.323639,0.126406,-0.463363,-0.421874,0.781474
933768043,-0.010566,-0.359989,-0.004854,-0.462987,-0.421697,0.780843
933788078,0.203305,-0.493517,-0.320929,-0.463806,-0.423699,0.779651
933808113,0.394302,-0.106624,-0.608514,-0.464063,-0.423699,0.778554
933828149,0.577712,-0.088402,-0.815719,-0.464605,-0.422508,0.778905
933848184,0.822504,-0.094726,-0.893295,-0.461727,-0.418874,0.783497
933868220,0.493276,-0.239245,-1.008327,-0.460607,-0.419710,0.781336
933888255,0.432086,-0.385325,-0.971339,-0.457250,-0.417271,0.783757
933908290,0.241142,-0.450776,-0.665088,-0.460750,-0.422256,0.783343
933928326,0.539837,-0.644428,-0.461612,-0.462163,-0.424535,0.779137
933948361,0.838547,-0.876566,-0.243230,-0.460336,-0.422907,0.779803
933968397,0.463741,-0.986280,-0.089809,-0.460886,-0.419889,0.781605
933988433,0.272717,-0.912909,0.141347,-0.459000,-0.419261,0.783821
934008469,-0.201301,-0.795565,0.496550,-0.459180,-0.417982,0.784360
934048539,-1.089450,-0.179139,0.108446,-0.463753,-0.420223,0.784010
934068575,-0.989917,-0.179482,0.146324,-0.462076,-0.424626,0.779321
934088610,-0.737214,-0.188432,0.275364,-0.461734,-0.423712,0.781327
934108645,-0.591672,-0.312311,0.395970,-0.460640,-0.420526,0.783067
934128681,-0.606938,-0.389402,0.433498,-0.457878,-0.420280,0.781479
934148716,-0.178383,-0.557449,0.445365,-0.458100,-0.421367,0.783480
934168751,-0.446273,-0.166401,0.381613,-0.459729,-0.423729,0.781364
934188787,-0.017856,-0.195040,0.272463,-0.460816,-0.425638,0.779893
934208822,0.517931,-0.302544,0.353431,-0.462655,-0.425346,0.781042
934228858,0.502553,-0.347831,0.299437,-0.460545,-0.422262,0.781891
934248893,0.533236,-0.386858,0.360145,-0.457778,-0.421743,0.780120
934268928,0.357139,-0.363262,0.292193,-0.458338,-0.418632,0.782649
934288964,0.203946,-0.231736,0.171697,-0.458899,-0.423555,0.780832
934308999,0.272821,-0.315972,0.178200,-0.459563,-0.422997,0.782820
934329034,0.272804,-0.384796,0.169827,-0.463073,-0.417405,0.782832
934349070,0.395305,-0.385204,0.215268,-0.462160,-0.417322,0.782848
934369105,0.127421,-0.208874,0.172237,-0.458244,-0.419546,0.781925
934389140,0.104407,-0.277341,0.133339,-0.461927,-0.420787,0.783590
934409176,0.012713,-0.409225,0.254796,-0.458757,-0.421084,0.784832
934429211,-0.002568,-0.355836,0.270723,-0.459357,-0.420903,0.782454
934449246,0.211767,-0.348451,0.315884,-0.459609,-0.421270,0.780813
934469282,0.410698,-0.378402,0.284170,-0.460562,-0.422076,0.783073
934489317,0.395366,-0.439494,0.268283,-0.459183,-0.419077,0.784000
934509352,0.127527,-0.547293,0.283520,-0.457625,-0.419183,0.783391
934529388,-0.239771,-0.410180,0.301708,-0.457977,-0.420917,0.781661
934549423,0.005063,-0.378604,0.255146,-0.461010,-0.418330,0.784601
934569464,0.096804,-0.262525,0.171797,-0.460724,-0.416326,0.784874
934589494,-0.293688,-0.261044,0.012603,-0.458266,-0.419268,0.783562
934609529,-0.163456,-0.170227,0.112549,-0.460835,-0.420065,0.784154
934629565,-0.217066,-0.100894,0.075211,-0.459012,-0.421998,0.783101
934649600,-0.041016,-0.200680,0.111749,-0.459630,-0.421357,0.782178
934669636,-0.071586,-0.270136,0.149417,-0.459067,-0.421182,0.781187
934689671,0.035506,-0.346169,0.117582,-0.459011,-0.420264,0.784006
934709706,0.219179,-0.368973,0.124276,-0.460908,-0.421072,0.782427
934729741,0.035446,-0.192227,0.057954,-0.460532,-0.421351,0.781524
934749776,0.257253,-0.175317,-0.042252,-0.458110,-0.422004,0.783754
934769812,-0.002845,-0.176673,0.035303,-0.457652,-0.421826,0.783762
934789847,-0.048719,0.037490,0.053030,-0.459084,-0.418805,0.783637
934809883,0.249685,-0.191523,0.026500,-0.457062,-0.419464,0.782219
934829918,0.027791,-0.123218,0.051050,-0.459147,-0.417349,0.782539
934849953,-0.087134,-0.030024,-0.062343,-0.458476,-0.418075,0.786011
934869989,0.035505,-0.001166,0.090568,-0.457182,-0.420463,0.783585
934890024,0.073544,-0.044812,-0.086093,-0.456559,-0.423113,0.783149
934910059,0.157822,-0.199022,0.003819,-0.457356,-0.422563,0.781859
934930095,0.242009,-0.229629,0.010823,-0.460111,-0.420162,0.784441
934950151,0.242149,-0.261726,0.125306,-0.459891,-0.417979,0.783165
934970167,0.027940,-0.163071,0.173107,-0.456350,-0.419468,0.783324
934990200,0.188512,-0.268779,0.071861,-0.457837,-0.418628,0.785661
935010235,0.219257,-0.178107,0.172197,-0.457892,-0.421099,0.781936
935030271,0.104325,-0.069500,0.051310,-0.458718,-0.419082,0.783371
935050305,0.073633,-0.107053,-0.010198,-0.458846,-0.418710,0.786007
935070341,-0.140479,-0.078394,0.121072,-0.458920,-0.420995,0.783646
935090376,0.073943,-0.156225,0.241889,-0.460299,-0.419611,0.785073
935110412,0.127592,-0.302626,0.316694,-0.457154,-0.417911,0.783123
935130447,0.387925,-0.426337,0.436851,-0.455995,-0.420564,0.783425
935150482,0.303825,-0.572940,0.512196,-0.457275,-0.419640,0.784127
935170518,0.372707,-0.588253,0.519420,-0.458908,-0.419810,0.783460
935190553,0.296212,-0.466031,0.536307,-0.455493,-0.419739,0.786799
935210588,0.265618,-0.489246,0.551494,-0.459645,-0.417246,0.785351
935230624,0.127859,-0.397355,0.537687,-0.457913,-0.419269,0.784296
935250659,0.196750,-0.512418,0.559177,-0.459492,-0.419616,0.785997
935290730,-0.002516,-0.141704,0.295923,-0.457981,-0.417447,0.783744
935310765,-0.010186,-0.218198,0.287500,-0.459128,-0.420349,0.785642
935330801,-0.155652,-0.095100,0.228122,-0.458922,-0.416794,0.786000
935350836,-0.048577,-0.063628,0.174447,-0.458272,-0.419724,0.783654
935370872,-0.216774,-0.226548,0.318844,-0.459207,-0.418433,0.785908
935390906,-0.170987,-0.194482,0.211835,-0.458444,-0.418172,0.783828
935410942,0.142867,-0.148954,0.279966,-0.456197,-0.416725,0.786777
935430977,-0.278242,0.059542,0.100092,-0.458463,-0.415338,0.786641
935451012,-0.431382,0.159850,0.025196,-0.458388,-0.417071,0.786738
935471048,-0.194059,0.166976,0.093228,-0.457657,-0.418538,0.785846
935491083,-0.331609,0.065071,0.261106,-0.458466,-0.418350,0.785194
935511119,-0.416095,-0.016263,0.023296,-0.458452,-0.419175,0.783831
935531154,-0.392788,-0.150127,0.312681,-0.457837,-0.421915,0.783850
935551189,-0.040707,-0.180831,0.356902,-0.458993,-0.417710,0.784181
935571225,-0.071477,-0.140925,0.227312,-0.458348,-0.417900,0.783647
935591260,0.058845,-0.189028,0.410006,-0.460646,-0.415868,0.785966
935611295,-0.002625,-0.086926,0.204641,-0.457187,-0.419366,0.784492
935631331,-0.186343,0.051335,0.153226,-0.461538,-0.417051,0.784042
935651366,-0.033255,0.081897,0.175907,-0.458107,-0.419813,0.784749
935671402,-0.331707,-0.125599,0.197878,-0.458789,-0.418172,0.782548
935691437,-0.232275,-0.009899,0.145113,-0.458346,-0.416530,0.784281
935711472,-0.102321,0.083750,0.023106,-0.459487,-0.421169,0.784819
935731508,0.027656,0.299831,-0.089967,-0.457713,-0.418452,0.783570
935751543,0.081064,0.232549,-0.213354,-0.460458,-0.417697,0.784609
935771578,-0.209788,0.324607,-0.257175,-0.458660,-0.418438,0.785918
935791613,-0.301715,0.333108,-0.333270,-0.459895,-0.416974,0.783981
935811649,-0.141003,0.287296,-0.326727,-0.457858,-0.416540,0.782197
935831684,-0.186958,0.287620,-0.357161,-0.459203,-0.418708,0.785454
935851719,-0.347375,0.146415,-0.113057,-0.459460,-0.418161,0.784720
935871755,-0.148334,0.077002,-0.053329,-0.459284,-0.420170,0.784001
935891790,0.073743,-0.238510,0.087938,-0.458926,-0.420628,0.784190
935911825,0.073964,-0.317434,0.270823,-0.459581,-0.418155,0.786629
935931861,0.119750,-0.369704,0.170587,-0.459395,-0.416712,0.781259
935951896,0.242085,-0.322405,0.078745,-0.460012,-0.417151,0.785526
935971932,0.272756,-0.123641,0.111318,-0.455821,-0.419560,0.784517
935991967,0.180852,-0.069388,0.051010,-0.458433,-0.418904,0.782739
936012002,0.065985,0.023220,-0.016462,-0.460281,-0.420071,0.783709
